queue_size,processed_images,total_time,avg_time,median_time,min_time,max_time
5,721,0.18897890000152984,0.00024603328710124826,0.00018,0.00014,0.00131
10,721,0.15528379999886965,0.0002006796116504854,0.00017,0.00014,0.00103
30,721,0.16733879999810597,0.0002175312066574202,0.00017,0.00012,0.00139
50,721,0.14847659999941243,0.00019181692094313453,0.00016,0.00012,0.00186
100,721,0.151977600002283,0.00019687933425797501,0.00017,0.00012,0.00128
