queue_size,processed_images,total_time,avg_time,median_time,min_time,max_time
5,721,0.2393730000000005,0.0003105131761442441,0.00023,0.00017,0.00146
10,721,0.21432819999995445,0.00027851595006934813,0.00024,0.00017,0.00154
30,721,0.2043757999999798,0.000262246879334258,0.00022,0.00014,0.00104
50,721,0.2240242999999964,0.0002879750346740638,0.00023,0.00014,0.00145
100,721,0.23721739999996316,0.0003090707350901526,0.00025,0.00016,0.00125
